{
  "input_tokens": 1960,
  "output_tokens": 297,
  "total_time_sec": 19.613138914108276,
  "tokens_per_sec": 115.07591976399439
}