{
  "input_tokens": 1960,
  "output_tokens": 236,
  "total_time_sec": 7.596679925918579,
  "tokens_per_sec": 289.07365078099735
}