{
  "input_tokens": 1960,
  "output_tokens": 323,
  "total_time_sec": 11.212703943252563,
  "tokens_per_sec": 203.6083367182663
}