{
  "input_tokens": 1960,
  "output_tokens": 613,
  "total_time_sec": 50.39516997337341,
  "tokens_per_sec": 51.0564802412505
}