{
  "input_tokens": 1960,
  "output_tokens": 1558,
  "total_time_sec": 74.03729009628296,
  "tokens_per_sec": 47.516595967045276
}