{
  "input_tokens": 1960,
  "output_tokens": 423,
  "total_time_sec": 412.90447211265564,
  "tokens_per_sec": 5.771310704888247
}