{
  "input_tokens": 1960,
  "output_tokens": 468,
  "total_time_sec": 289.4559791088104,
  "tokens_per_sec": 8.388149408678416
}