{
  "input_tokens": 1960,
  "output_tokens": 162,
  "total_time_sec": 170.56039595603943,
  "tokens_per_sec": 12.44134072335836
}