{
  "input_tokens": 1960,
  "output_tokens": 189,
  "total_time_sec": 11.76616621017456,
  "tokens_per_sec": 182.64232899767254
}