{
  "input_tokens": 1960,
  "output_tokens": 471,
  "total_time_sec": 16.390545129776,
  "tokens_per_sec": 148.31721463514393
}