{
  "input_tokens": 1960,
  "output_tokens": 623,
  "total_time_sec": 742.484381198883,
  "tokens_per_sec": 3.4788610580996364
}