{
  "input_tokens": 1960,
  "output_tokens": 423,
  "total_time_sec": 279.6380150318146,
  "tokens_per_sec": 8.52173120928814
}