{
  "input_tokens": 1960,
  "output_tokens": 989,
  "total_time_sec": 51.99165415763855,
  "tokens_per_sec": 56.72064195262263
}