{
  "input_tokens": 1960,
  "output_tokens": 514,
  "total_time_sec": 263.5314118862152,
  "tokens_per_sec": 9.387875176975857
}