{
  "input_tokens": 1960,
  "output_tokens": 423,
  "total_time_sec": 250.57632279396057,
  "tokens_per_sec": 9.51007650455247
}