{
  "input_tokens": 1960,
  "output_tokens": 398,
  "total_time_sec": 60.823131799697876,
  "tokens_per_sec": 38.76814511566655
}