{
  "input_tokens": 1960,
  "output_tokens": 231,
  "total_time_sec": 24.334500074386597,
  "tokens_per_sec": 90.03677878331054
}