{
  "input_tokens": 1960,
  "output_tokens": 231,
  "total_time_sec": 18.886604070663452,
  "tokens_per_sec": 116.00815010482899
}