{
  "input_tokens": 1960,
  "output_tokens": 495,
  "total_time_sec": 225.41060972213745,
  "tokens_per_sec": 10.89123534613684
}