{
  "input_tokens": 1960,
  "output_tokens": 322,
  "total_time_sec": 246.90495920181274,
  "tokens_per_sec": 9.242422701338944
}