{
  "input_tokens": 1960,
  "output_tokens": 463,
  "total_time_sec": 84.26999282836914,
  "tokens_per_sec": 28.75282076901171
}