{
  "input_tokens": 1960,
  "output_tokens": 423,
  "total_time_sec": 76.8836100101471,
  "tokens_per_sec": 30.994902550563012
}